id,first_name,last_name,email,gender,ip_address
1,Robin,Parker,rparker0@adobe.com,Female,57.233.108.210
2,Joyce,Reynolds,jreynolds1@hugedomains.com,Female,129.125.90.145
3,Pamela,Freeman,pfreeman2@163.com,Female,58.29.172.21
4,Angela,Nichols,anichols3@huffingtonpost.com,Female,94.19.251.40
5,Lawrence,Spencer,lspencer4@bizjournals.com,Male,50.107.175.59
6,Julia,Montgomery,jmontgomery5@globo.com,Female,79.244.198.237
7,Gloria,Greene,ggreene6@parallels.com,Female,209.45.239.143
8,Daniel,Miller,dmiller7@dion.ne.jp,Male,7.236.23.77
9,Terry,Nguyen,tnguyen8@de.vu,Male,60.16.127.120
10,Rose,Jones,rjones9@geocities.jp,Female,149.90.190.214
11,Albert,Gray,agraya@gizmodo.com,Male,172.158.251.68
12,Douglas,Burns,dburnsb@netlog.com,Male,18.243.232.149
13,Ruby,Hansen,rhansenc@tinypic.com,Female,55.158.112.244
14,Elizabeth,Thomas,ethomasd@google.es,Female,212.201.231.20
15,Ashley,Carpenter,acarpentere@cornell.edu,Female,136.249.115.187
16,Sharon,Fox,sfoxf@feedburner.com,Female,15.102.110.182
17,Kimberly,Jackson,kjacksong@businesswire.com,Female,76.35.79.37
18,Mary,Little,mlittleh@mtv.com,Female,217.46.149.59
19,Henry,Garcia,hgarciai@e-recht24.de,Male,88.59.59.30
20,Joshua,Owens,jowensj@is.gd,Male,91.227.198.91
21,Evelyn,Wright,ewrightk@ustream.tv,Female,241.101.137.232
22,Barbara,Smith,bsmithl@guardian.co.uk,Female,42.26.163.120
23,Henry,Gonzales,hgonzalesm@mac.com,Male,37.35.170.253
24,Larry,Vasquez,lvasquezn@gnu.org,Male,80.30.235.250
25,Janet,Welch,jwelcho@hud.gov,Female,182.66.31.193
26,Frances,Fowler,ffowlerp@redcross.org,Female,154.92.7.21
27,Angela,Cox,acoxq@si.edu,Female,167.223.205.252
28,Henry,Andrews,handrewsr@sun.com,Male,34.105.213.72
29,Walter,Frazier,wfraziers@123-reg.co.uk,Male,121.207.248.168
30,Joyce,Kelly,jkellyt@scientificamerican.com,Female,57.168.0.55
31,Terry,Stephens,tstephensu@clickbank.net,Male,204.56.114.219
32,Russell,Edwards,redwardsv@cbsnews.com,Male,45.134.23.179
33,Helen,Boyd,hboydw@ameblo.jp,Female,31.248.43.237
34,Susan,Ferguson,sfergusonx@uiuc.edu,Female,34.177.104.172
35,Kenneth,Ortiz,kortizy@google.co.jp,Male,209.233.114.78
36,Bonnie,Day,bdayz@archive.org,Female,97.151.182.199
37,Russell,Allen,rallen10@rambler.ru,Male,88.159.60.139
38,Lillian,Cruz,lcruz11@house.gov,Female,216.221.154.192
39,Wayne,Ferguson,wferguson12@hostgator.com,Male,2.228.83.166
40,Catherine,Tucker,ctucker13@last.fm,Female,136.16.207.52
41,Johnny,Collins,jcollins14@wordpress.com,Male,59.240.137.66
42,Elizabeth,Weaver,eweaver15@usatoday.com,Female,243.43.50.232
43,Victor,Diaz,vdiaz16@comsenz.com,Male,250.207.218.12
44,Patrick,Taylor,ptaylor17@aboutads.info,Male,31.78.183.53
45,Ruth,Garza,rgarza18@cloudflare.com,Female,193.35.7.241
46,Eric,Green,egreen19@un.org,Male,208.115.114.15
47,Sharon,Fields,sfields1a@walmart.com,Female,201.84.150.113
48,Lisa,Montgomery,lmontgomery1b@ifeng.com,Female,236.120.118.122
49,Kathy,Reynolds,kreynolds1c@apache.org,Female,54.244.56.244
50,Louise,Stewart,lstewart1d@liveinternet.ru,Female,111.123.66.30
51,Jonathan,Rivera,jrivera1e@cocolog-nifty.com,Male,54.245.153.221
52,Paul,Price,pprice1f@storify.com,Male,186.10.142.95
53,Amanda,Bishop,abishop1g@disqus.com,Female,153.191.108.49
54,Ruth,Mills,rmills1h@macromedia.com,Female,0.23.187.193
55,Donald,Patterson,dpatterson1i@dot.gov,Male,173.146.245.86
56,Shawn,Taylor,staylor1j@nhs.uk,Male,68.60.201.240
57,Heather,Stevens,hstevens1k@disqus.com,Female,138.20.167.31
58,Carolyn,Alexander,calexander1l@bing.com,Female,155.15.224.206
59,Sean,Welch,swelch1m@exblog.jp,Male,217.194.90.192
60,Carl,Bishop,cbishop1n@census.gov,Male,18.167.146.150
61,Sandra,Johnston,sjohnston1o@europa.eu,Female,57.159.14.77
62,Rebecca,Daniels,rdaniels1p@google.ru,Female,107.115.158.160
63,Howard,Morris,hmorris1q@tamu.edu,Male,226.74.252.243
64,Rachel,Welch,rwelch1r@imgur.com,Female,139.125.3.150
65,Russell,Torres,rtorres1s@hibu.com,Male,25.233.48.44
66,Andrew,James,ajames1t@surveymonkey.com,Male,209.213.136.2
67,Helen,Jordan,hjordan1u@mysql.com,Female,155.90.57.202
68,Paula,Willis,pwillis1v@xinhuanet.com,Female,182.235.216.133
69,Jason,Gardner,jgardner1w@nifty.com,Male,159.254.244.49
70,Douglas,Graham,dgraham1x@seesaa.net,Male,180.75.190.237
71,Stephanie,Rivera,srivera1y@sourceforge.net,Female,232.57.216.204
72,Wayne,Morales,wmorales1z@alexa.com,Male,69.75.5.47
73,Christopher,Kelly,ckelly20@arizona.edu,Male,187.107.178.37
74,Nancy,Gordon,ngordon21@multiply.com,Female,163.149.194.248
75,Judy,Franklin,jfranklin22@google.de,Female,253.113.100.51
76,Laura,Nelson,lnelson23@statcounter.com,Female,32.200.227.150
77,Judy,Banks,jbanks24@reference.com,Female,160.94.78.104
78,Jimmy,Arnold,jarnold25@linkedin.com,Male,189.153.8.124
79,Janet,Myers,jmyers26@jimdo.com,Female,53.81.202.3
80,Rebecca,Bishop,rbishop27@statcounter.com,Female,235.207.8.133
81,Fred,Black,fblack28@newyorker.com,Male,36.175.7.244
82,Harry,Harrison,hharrison29@ehow.com,Male,161.107.17.226
83,Diana,Flores,dflores2a@spiegel.de,Female,52.134.213.82
84,Katherine,Edwards,kedwards2b@bloglines.com,Female,78.73.183.8
85,Diane,Howell,dhowell2c@salon.com,Female,158.172.24.102
86,Harold,Welch,hwelch2d@ning.com,Male,135.17.58.249
87,Jean,Franklin,jfranklin2e@free.fr,Female,169.163.147.254
88,Tammy,Hall,thall2f@unesco.org,Female,126.40.80.22
89,Julie,Matthews,jmatthews2g@seesaa.net,Female,94.53.71.164
90,Ann,Boyd,aboyd2h@washington.edu,Female,214.103.149.43
91,Evelyn,Fox,efox2i@taobao.com,Female,14.12.173.215
92,Amy,Moore,amoore2j@ask.com,Female,56.196.98.125
93,Anne,Gray,agray2k@printfriendly.com,Female,231.245.141.184
94,Diane,Martin,dmartin2l@bizjournals.com,Female,127.225.182.49
95,Rose,Alvarez,ralvarez2m@wired.com,Female,240.8.61.170
96,Martha,Ellis,mellis2n@usnews.com,Female,18.230.235.105
97,Sandra,Ryan,sryan2o@a8.net,Female,65.161.158.156
98,Irene,Gray,igray2p@berkeley.edu,Female,126.224.255.223
99,Stephen,Garrett,sgarrett2q@rakuten.co.jp,Male,79.232.241.175
100,Carolyn,Garza,cgarza2r@cnet.com,Female,242.154.162.54
